movie_name,message_id,date,channel_id,channel_username,channel_type
Bhabhiji Ghar Par Hain Fun,319,15-04-2026,-1003181705395,@EntertainmentTadka786,public
Bhabiji Ghar Par Hain Fun,318,15-04-2026,-1003181705395,@EntertainmentTadka786,public
Bhabhiji Ghar Par Hain Fun (2026),317,15-04-2026,-1003181705395,@EntertainmentTadka786,public
Bhabhiji Ghar Par Hain Fun (2026),316,15-04-2026,-1003181705395,@EntertainmentTadka786,public
Bhabhiji Ghar Par Hain Fun (2026),315,15-04-2026,-1003181705395,@EntertainmentTadka786,public
Bhabhiji Ghar Par Hain Fun (2026),314,15-04-2026,-1003181705395,@EntertainmentTadka786,public
Bhabhiji Ghar Par Hain Fun,313,15-04-2026,-1003181705395,@EntertainmentTadka786,public
Bhabhiji Ghar Par Hain Fun (2026),312,15-04-2026,-1003181705395,@EntertainmentTadka786,public
Bhabhiji Ghar Par Hain Fun (2026),311,15-04-2026,-1003181705395,@EntertainmentTadka786,public
Border 2 (2026),309,15-04-2026,-1003181705395,@EntertainmentTadka786,public
Border 2 Bollywood Movie 10,308,15-04-2026,-1003181705395,@EntertainmentTadka786,public
Border 2 (2026),307,15-04-2026,-1003181705395,@EntertainmentTadka786,public
Border 2 (2026),306,15-04-2026,-1003181705395,@EntertainmentTadka786,public
Border 2 (2026),305,15-04-2026,-1003181705395,@EntertainmentTadka786,public
Border 2 (2026),304,15-04-2026,-1003181705395,@EntertainmentTadka786,public
Border 2 (2026),303,15-04-2026,-1003181705395,@EntertainmentTadka786,public
Border 2 (2026),302,15-04-2026,-1003181705395,@EntertainmentTadka786,public
Border 2 (2026),301,15-04-2026,-1003181705395,@EntertainmentTadka786,public
Border 2 (2026),300,15-04-2026,-1003181705395,@EntertainmentTadka786,public
Border 2 (2026),299,15-04-2026,-1003181705395,@EntertainmentTadka786,public
Border 2 Bollywood Movie,298,15-04-2026,-1003181705395,@EntertainmentTadka786,public
Border 2 (2026),297,15-04-2026,-1003181705395,@EntertainmentTadka786,public
Border 2 (2026),296,15-04-2026,-1003181705395,@EntertainmentTadka786,public
Border 2 (2026),295,15-04-2026,-1003181705395,@EntertainmentTadka786,public
Border (1997),294,15-04-2026,-1003181705395,@EntertainmentTadka786,public
Border Bollywood Movie Channels,293,15-04-2026,-1003181705395,@EntertainmentTadka786,public
Border (1997),292,15-04-2026,-1003181705395,@EntertainmentTadka786,public
Border (1997),291,15-04-2026,-1003181705395,@EntertainmentTadka786,public
Border (1997),290,15-04-2026,-1003181705395,@EntertainmentTadka786,public
Border (1997),289,15-04-2026,-1003181705395,@EntertainmentTadka786,public
Border Bollywood Movie HD,288,15-04-2026,-1003181705395,@EntertainmentTadka786,public
Border (1997),287,15-04-2026,-1003181705395,@EntertainmentTadka786,public
Border Bollywood Movie Channels,286,15-04-2026,-1003181705395,@EntertainmentTadka786,public
Border (1997),285,15-04-2026,-1003181705395,@EntertainmentTadka786,public
Border Bollywood Movie Channels,284,15-04-2026,-1003181705395,@EntertainmentTadka786,public
Now You See Me Now (2025),283,15-04-2026,-1003181705395,@EntertainmentTadka786,public
Now You See Me Now (2025),282,15-04-2026,-1003181705395,@EntertainmentTadka786,public
Now You See Me Now,281,15-04-2026,-1003181705395,@EntertainmentTadka786,public
Now You See Me Now (2025),280,15-04-2026,-1003181705395,@EntertainmentTadka786,public
Now You See Me Now,279,15-04-2026,-1003181705395,@EntertainmentTadka786,public
Now You See Me Now (2025),278,15-04-2026,-1003181705395,@EntertainmentTadka786,public
Now You See Me Now (2025),277,15-04-2026,-1003181705395,@EntertainmentTadka786,public
Now You See Me Now (2025),276,15-04-2026,-1003181705395,@EntertainmentTadka786,public
Now You See Me Now,275,15-04-2026,-1003181705395,@EntertainmentTadka786,public
Now You See Me Now,274,15-04-2026,-1003181705395,@EntertainmentTadka786,public
Now You See Me Now (2025),273,15-04-2026,-1003181705395,@EntertainmentTadka786,public
Now You See Me 2 (2016),272,15-04-2026,-1003181705395,@EntertainmentTadka786,public
Now You See Me 2 (2016),271,15-04-2026,-1003181705395,@EntertainmentTadka786,public
Now You See Me 2 (2016),270,15-04-2026,-1003181705395,@EntertainmentTadka786,public
Now You See Me 2 (2016),269,15-04-2026,-1003181705395,@EntertainmentTadka786,public
Now You See Me 2 (2016),268,15-04-2026,-1003181705395,@EntertainmentTadka786,public
Now You See Me 2 (2016),267,15-04-2026,-1003181705395,@EntertainmentTadka786,public
Now You See Me 2 (2016),266,15-04-2026,-1003181705395,@EntertainmentTadka786,public
Now You See Me 2 (2016),265,15-04-2026,-1003181705395,@EntertainmentTadka786,public
Now You See Me 2 (2016),264,15-04-2026,-1003181705395,@EntertainmentTadka786,public
Now You See Me (2016),263,15-04-2026,-1003181705395,@EntertainmentTadka786,public
Now You See Me 2 (2016),262,15-04-2026,-1003181705395,@EntertainmentTadka786,public
Now You See Me Extended (2013),261,15-04-2026,-1003181705395,@EntertainmentTadka786,public
Now You See Me (2013),260,15-04-2026,-1003181705395,@EntertainmentTadka786,public
Now You See Me (2013),259,15-04-2026,-1003181705395,@EntertainmentTadka786,public
Now You See Me (2013),258,15-04-2026,-1003181705395,@EntertainmentTadka786,public
Now You See Me (2013),257,15-04-2026,-1003181705395,@EntertainmentTadka786,public
Now You See Me OR,256,15-04-2026,-1003181705395,@EntertainmentTadka786,public
Now You See Me (2013),255,15-04-2026,-1003181705395,@EntertainmentTadka786,public
Now You See Me OR,254,15-04-2026,-1003181705395,@EntertainmentTadka786,public
Now You See Me (2013),253,15-04-2026,-1003181705395,@EntertainmentTadka786,public
Now You See Me OR,252,15-04-2026,-1003181705395,@EntertainmentTadka786,public
Squid Game (2021),251,15-04-2026,-1003181705395,@EntertainmentTadka786,public
Squid Game S01 COMBINED WEBRip,250,15-04-2026,-1003181705395,@EntertainmentTadka786,public
Squid Game (2021),249,15-04-2026,-1003181705395,@EntertainmentTadka786,public
Bhaag Milkha Bhaag Join,248,15-04-2026,-1003181705395,@EntertainmentTadka786,public
Bhaag Milkha Bhaag (2013),247,15-04-2026,-1003181705395,@EntertainmentTadka786,public
Bhaag Milkha Bhaag (2013),246,15-04-2026,-1003181705395,@EntertainmentTadka786,public
Bhaag Milkha Bhaag (2013),245,15-04-2026,-1003181705395,@EntertainmentTadka786,public
Bhaag Milkha Bhaag (2013),244,15-04-2026,-1003181705395,@EntertainmentTadka786,public
Bhaag Milkha Bhaag (2013),243,15-04-2026,-1003181705395,@EntertainmentTadka786,public
Bhaag Milkha Bhaag (2013),242,15-04-2026,-1003181705395,@EntertainmentTadka786,public
Demonte Colony 2 (2024),241,15-04-2026,-1003181705395,@EntertainmentTadka786,public
Demonte Colony 2 (2024),240,15-04-2026,-1003181705395,@EntertainmentTadka786,public
Demonte Colony 2 (2024),239,15-04-2026,-1003181705395,@EntertainmentTadka786,public
Demonte Colony 2 (2024),238,15-04-2026,-1003181705395,@EntertainmentTadka786,public
Demonte Colony 2 (2024),237,15-04-2026,-1003181705395,@EntertainmentTadka786,public
Demonte Colony 2 (2024),236,15-04-2026,-1003181705395,@EntertainmentTadka786,public
Demonte Colony 2 (2024),235,15-04-2026,-1003181705395,@EntertainmentTadka786,public
Demonte Colony 2 (2024),234,15-04-2026,-1003181705395,@EntertainmentTadka786,public
Demonte Colony 2 (2024),233,15-04-2026,-1003181705395,@EntertainmentTadka786,public
Demonte Colony 2 (2024),232,15-04-2026,-1003181705395,@EntertainmentTadka786,public
Demonte Colony 2 (2024),231,15-04-2026,-1003181705395,@EntertainmentTadka786,public
Demonte Colony 2 (2024),230,15-04-2026,-1003181705395,@EntertainmentTadka786,public
Demonte Colony 2 (2024),229,15-04-2026,-1003181705395,@EntertainmentTadka786,public
Demonte Colony 2 (2024),228,15-04-2026,-1003181705395,@EntertainmentTadka786,public
Demonte Colony (2015),227,15-04-2026,-1003181705395,@EntertainmentTadka786,public
Demonte Colony (2015),226,15-04-2026,-1003181705395,@EntertainmentTadka786,public
Demonte Colony UNCUT HDRip,225,15-04-2026,-1003181705395,@EntertainmentTadka786,public
Demonte Colony (2015),224,15-04-2026,-1003181705395,@EntertainmentTadka786,public
Demonte Colony UNCUT HDRip,223,15-04-2026,-1003181705395,@EntertainmentTadka786,public
Demonte Colony (2015),222,15-04-2026,-1003181705395,@EntertainmentTadka786,public
Demonte Colony UNCUT HDRip,221,15-04-2026,-1003181705395,@EntertainmentTadka786,public
Demonte Colony UNCUT HDRip,220,15-04-2026,-1003181705395,@EntertainmentTadka786,public
Sarzameen (2025),219,15-04-2026,-1003181705395,@EntertainmentTadka786,public
Sarzameen (2025),218,15-04-2026,-1003181705395,@EntertainmentTadka786,public
Sarzameen (2025),217,15-04-2026,-1003181705395,@EntertainmentTadka786,public
Sarzameen (2025),216,15-04-2026,-1003181705395,@EntertainmentTadka786,public
Sarzameen (2025),215,15-04-2026,-1003181705395,@EntertainmentTadka786,public
Sarzameen (2025),214,15-04-2026,-1003181705395,@EntertainmentTadka786,public
Sarzameen (2025),213,15-04-2026,-1003181705395,@EntertainmentTadka786,public
Sarzameen (2025),212,15-04-2026,-1003181705395,@EntertainmentTadka786,public
Sarzameen (2025),211,15-04-2026,-1003181705395,@EntertainmentTadka786,public
Sarzameen (2025),210,15-04-2026,-1003181705395,@EntertainmentTadka786,public
Sarzameen (2025),209,15-04-2026,-1003181705395,@EntertainmentTadka786,public
Sarzameen (2025),208,15-04-2026,-1003181705395,@EntertainmentTadka786,public
Sarzameen (2025),207,15-04-2026,-1003181705395,@EntertainmentTadka786,public
Sarzameen (2025),206,15-04-2026,-1003181705395,@EntertainmentTadka786,public
Odela 2 (2025),205,15-04-2026,-1003181705395,@EntertainmentTadka786,public
Odela 2 (2025),204,15-04-2026,-1003181705395,@EntertainmentTadka786,public
Odela 2 (2025),203,15-04-2026,-1003181705395,@EntertainmentTadka786,public
Odela 2 (2025),202,15-04-2026,-1003181705395,@EntertainmentTadka786,public
Odela 2 UnCut S,201,15-04-2026,-1003181705395,@EntertainmentTadka786,public
Odela 2 (2025),200,15-04-2026,-1003181705395,@EntertainmentTadka786,public
Odela 2 (2025),199,15-04-2026,-1003181705395,@EntertainmentTadka786,public
Odela 2 (2025),198,15-04-2026,-1003181705395,@EntertainmentTadka786,public
Odela 2 (2025),197,15-04-2026,-1003181705395,@EntertainmentTadka786,public
Odela 2 UnCut So,196,15-04-2026,-1003181705395,@EntertainmentTadka786,public
Odela 2 (2025),195,15-04-2026,-1003181705395,@EntertainmentTadka786,public
Odela 2 UnC Join,194,15-04-2026,-1003181705395,@EntertainmentTadka786,public
Odela 2 (2025),193,15-04-2026,-1003181705395,@EntertainmentTadka786,public
Odela 2 (2025),192,15-04-2026,-1003181705395,@EntertainmentTadka786,public
Odela 2 UnCut So,191,15-04-2026,-1003181705395,@EntertainmentTadka786,public
Odela 2 (2025),190,15-04-2026,-1003181705395,@EntertainmentTadka786,public
Odela Railway Station Dual Aud,189,15-04-2026,-1003181705395,@EntertainmentTadka786,public
Odela Railway Station (2022),188,15-04-2026,-1003181705395,@EntertainmentTadka786,public
Odela Railway Station (2022),187,15-04-2026,-1003181705395,@EntertainmentTadka786,public
Odela Railway Station (2022),186,15-04-2026,-1003181705395,@EntertainmentTadka786,public
Odela Railway Station (2022),185,15-04-2026,-1003181705395,@EntertainmentTadka786,public
Odela Railway Station Dual Audi,184,15-04-2026,-1003181705395,@EntertainmentTadka786,public
Odela Railway Station Dual,183,15-04-2026,-1003181705395,@EntertainmentTadka786,public
Odela Railway Station Dual Audi,182,15-04-2026,-1003181705395,@EntertainmentTadka786,public
Odela Railway Station (2022),181,15-04-2026,-1003181705395,@EntertainmentTadka786,public
IT Welcome to Derry (2025),180,15-04-2026,-1003181705395,@EntertainmentTadka786,public
IT Welcome to Derry S01,179,15-04-2026,-1003181705395,@EntertainmentTadka786,public
IT Welcome to Derry S01,178,15-04-2026,-1003181705395,@EntertainmentTadka786,public
Ace (2025),177,15-04-2026,-1003181705395,@EntertainmentTadka786,public
Ace Tamil Full Movie H,176,15-04-2026,-1003181705395,@EntertainmentTadka786,public
Ace (2025),175,15-04-2026,-1003181705395,@EntertainmentTadka786,public
Ace (2025),174,15-04-2026,-1003181705395,@EntertainmentTadka786,public
Ace Tamil Full Movie HD,173,15-04-2026,-1003181705395,@EntertainmentTadka786,public
Ace (2025),172,15-04-2026,-1003181705395,@EntertainmentTadka786,public
Ace Tamil Full Movie H,171,15-04-2026,-1003181705395,@EntertainmentTadka786,public
Ace Tamil Full Movie HD,170,15-04-2026,-1003181705395,@EntertainmentTadka786,public
Ace (2025),169,15-04-2026,-1003181705395,@EntertainmentTadka786,public
Chathuram UPLAY HDRip AAC 2,168,15-04-2026,-1003181705395,@EntertainmentTadka786,public
Chathuram (2022),167,15-04-2026,-1003181705395,@EntertainmentTadka786,public
Chathuram UPLAY HDRip AAC 2,166,15-04-2026,-1003181705395,@EntertainmentTadka786,public
Chathuram (2022),165,15-04-2026,-1003181705395,@EntertainmentTadka786,public
Chathuram UPLAY HDRip AAC 2,164,15-04-2026,-1003181705395,@EntertainmentTadka786,public
Chathuram (2022),163,15-04-2026,-1003181705395,@EntertainmentTadka786,public
Chathuram UPLAY HDRip AAC 2,162,15-04-2026,-1003181705395,@EntertainmentTadka786,public
Thug Life (2025),161,15-04-2026,-1003181705395,@EntertainmentTadka786,public
Thug Life (2025),160,15-04-2026,-1003181705395,@EntertainmentTadka786,public
Thug Life (2025),159,15-04-2026,-1003181705395,@EntertainmentTadka786,public
Thug Life (2025),158,15-04-2026,-1003181705395,@EntertainmentTadka786,public
Thug Life (2025),157,15-04-2026,-1003181705395,@EntertainmentTadka786,public
Thug Life (2025),156,15-04-2026,-1003181705395,@EntertainmentTadka786,public
Thug Life (2025),155,15-04-2026,-1003181705395,@EntertainmentTadka786,public
Thug Life (2025),154,15-04-2026,-1003181705395,@EntertainmentTadka786,public
Thug Life (2025),153,15-04-2026,-1003181705395,@EntertainmentTadka786,public
Thug Life (2025),152,15-04-2026,-1003181705395,@EntertainmentTadka786,public
Thug Life (2025),151,15-04-2026,-1003181705395,@EntertainmentTadka786,public
Robinhood (2025),150,15-04-2026,-1003181705395,@EntertainmentTadka786,public
Robinhood (2025),149,15-04-2026,-1003181705395,@EntertainmentTadka786,public
Robinhood HDRip s,148,15-04-2026,-1003181705395,@EntertainmentTadka786,public
Robinhood (2025),147,15-04-2026,-1003181705395,@EntertainmentTadka786,public
Robinhood HDRip s,146,15-04-2026,-1003181705395,@EntertainmentTadka786,public
Robinhood (2025),145,15-04-2026,-1003181705395,@EntertainmentTadka786,public
Robinhood (2025),144,15-04-2026,-1003181705395,@EntertainmentTadka786,public
Robinhood HDRip s,143,15-04-2026,-1003181705395,@EntertainmentTadka786,public
Moonwalk (2025),142,15-04-2026,-1003181705395,@EntertainmentTadka786,public
Moonwalk (2025),141,15-04-2026,-1003181705395,@EntertainmentTadka786,public
Moonwalk (2025),140,15-04-2026,-1003181705395,@EntertainmentTadka786,public
Moonwalk (2025),139,15-04-2026,-1003181705395,@EntertainmentTadka786,public
Moonwalk (2025),138,15-04-2026,-1003181705395,@EntertainmentTadka786,public
Moonwalk (2025),137,15-04-2026,-1003181705395,@EntertainmentTadka786,public
Moonwalk (2025),136,15-04-2026,-1003181705395,@EntertainmentTadka786,public
Moonwalk (2025),135,15-04-2026,-1003181705395,@EntertainmentTadka786,public
Moonwalk (2025),134,15-04-2026,-1003181705395,@EntertainmentTadka786,public
Moonwalk (2025),133,15-04-2026,-1003181705395,@EntertainmentTadka786,public
Moonwalk (2025),132,15-04-2026,-1003181705395,@EntertainmentTadka786,public
Moonwalk (2025),131,15-04-2026,-1003181705395,@EntertainmentTadka786,public
Moonwalk (2025),130,15-04-2026,-1003181705395,@EntertainmentTadka786,public
DNA (2025),129,15-04-2026,-1003181705395,@EntertainmentTadka786,public
DNA (2025),128,15-04-2026,-1003181705395,@EntertainmentTadka786,public
DNA (2025),127,15-04-2026,-1003181705395,@EntertainmentTadka786,public
DNA (2025),126,15-04-2026,-1003181705395,@EntertainmentTadka786,public
DNA (2025),125,15-04-2026,-1003181705395,@EntertainmentTadka786,public
DNA (2025),124,15-04-2026,-1003181705395,@EntertainmentTadka786,public
DNA (2025),123,15-04-2026,-1003181705395,@EntertainmentTadka786,public
DNA (2025),122,15-04-2026,-1003181705395,@EntertainmentTadka786,public
DNA (2025),121,15-04-2026,-1003181705395,@EntertainmentTadka786,public
Kuladalli Keelyavudo Dual Join,120,15-04-2026,-1003181705395,@EntertainmentTadka786,public
Kuladi Keelyavudo (2025),119,15-04-2026,-1003181705395,@EntertainmentTadka786,public
Kuladalli Keelyavudo Dual Join,118,15-04-2026,-1003181705395,@EntertainmentTadka786,public
Kuladi Keelyavudo (2025),117,15-04-2026,-1003181705395,@EntertainmentTadka786,public
Kuladalli Keelyavudo Channels,116,15-04-2026,-1003181705395,@EntertainmentTadka786,public
Kuladi Keelyavudo (2025),115,15-04-2026,-1003181705395,@EntertainmentTadka786,public
Kuladalli Keelyavudo Dual Join,114,15-04-2026,-1003181705395,@EntertainmentTadka786,public
Yadha Yadha Hi (2024),113,15-04-2026,-1003181705395,@EntertainmentTadka786,public
Yadha Yadha Hi (2024),112,15-04-2026,-1003181705395,@EntertainmentTadka786,public
Yadha Yadha Hi (2024),111,15-04-2026,-1003181705395,@EntertainmentTadka786,public
Yadha Yadha Hi (2024),110,15-04-2026,-1003181705395,@EntertainmentTadka786,public
Yadha Yadha Hi (2024),109,15-04-2026,-1003181705395,@EntertainmentTadka786,public
Yadha Yadha Hi (2024),108,15-04-2026,-1003181705395,@EntertainmentTadka786,public
Yadha Yadha Hi (2024),107,15-04-2026,-1003181705395,@EntertainmentTadka786,public
Fear (2024),106,15-04-2026,-1003181705395,@EntertainmentTadka786,public
Fear (2024),105,15-04-2026,-1003181705395,@EntertainmentTadka786,public
Fear (2024),104,15-04-2026,-1003181705395,@EntertainmentTadka786,public
Fear (2024),103,15-04-2026,-1003181705395,@EntertainmentTadka786,public
Fear UnCut Sout Join,102,15-04-2026,-1003181705395,@EntertainmentTadka786,public
Fear UnCut South Join,101,15-04-2026,-1003181705395,@EntertainmentTadka786,public
Fear (2024),100,15-04-2026,-1003181705395,@EntertainmentTadka786,public
Fear (2024),99,15-04-2026,-1003181705395,@EntertainmentTadka786,public
Fear (2024),98,15-04-2026,-1003181705395,@EntertainmentTadka786,public
Fear (2024),97,15-04-2026,-1003181705395,@EntertainmentTadka786,public
Gurthunda Seethakalam (2022),96,15-04-2026,-1003181705395,@EntertainmentTadka786,public
Gurthunda Seethakalam (2022),95,15-04-2026,-1003181705395,@EntertainmentTadka786,public
Gurthunda Seethakalam (2022),94,15-04-2026,-1003181705395,@EntertainmentTadka786,public
Gurthunda Seethakalam (2022),93,15-04-2026,-1003181705395,@EntertainmentTadka786,public
Gurthunda Seethakalam (2022),92,15-04-2026,-1003181705395,@EntertainmentTadka786,public
Gurthunda Seethakalam (2022),91,15-04-2026,-1003181705395,@EntertainmentTadka786,public
Pechi (2024),90,15-04-2026,-1003181705395,@EntertainmentTadka786,public
Pechi (2024),89,15-04-2026,-1003181705395,@EntertainmentTadka786,public
Pechi (2024),88,15-04-2026,-1003181705395,@EntertainmentTadka786,public
Pechi (2024),87,15-04-2026,-1003181705395,@EntertainmentTadka786,public
Pechi (2024),86,15-04-2026,-1003181705395,@EntertainmentTadka786,public
Pechi (2024),85,15-04-2026,-1003181705395,@EntertainmentTadka786,public
Pechi (2024),84,15-04-2026,-1003181705395,@EntertainmentTadka786,public
Pechi (2024),83,15-04-2026,-1003181705395,@EntertainmentTadka786,public
Pechi (2024),82,15-04-2026,-1003181705395,@EntertainmentTadka786,public
Narivetta (2025),81,15-04-2026,-1003181705395,@EntertainmentTadka786,public
Narivetta UnCut Join Our,80,15-04-2026,-1003181705395,@EntertainmentTadka786,public
Narivetta (2025),79,15-04-2026,-1003181705395,@EntertainmentTadka786,public
Narivetta UnCut S Join,78,15-04-2026,-1003181705395,@EntertainmentTadka786,public
Narivetta Un Join Our,77,15-04-2026,-1003181705395,@EntertainmentTadka786,public
Narivetta UnCut S Join,76,15-04-2026,-1003181705395,@EntertainmentTadka786,public
The Family man S03 COMBINED,75,15-04-2026,-1003181705395,@EntertainmentTadka786,public
The Family man S03 COMBINED,74,15-04-2026,-1003181705395,@EntertainmentTadka786,public
The Family man S03 COMBINED,73,15-04-2026,-1003181705395,@EntertainmentTadka786,public
The Family Man (2019),72,15-04-2026,-1003181705395,@EntertainmentTadka786,public
The Family Man (2019),71,15-04-2026,-1003181705395,@EntertainmentTadka786,public
Family Man (2019),70,15-04-2026,-1003181705395,@EntertainmentTadka786,public
The Family Man (2019),69,15-04-2026,-1003181705395,@EntertainmentTadka786,public
The Family Man (2021),68,15-04-2026,-1003181705395,@EntertainmentTadka786,public
The Family Man (2021),67,15-04-2026,-1003181705395,@EntertainmentTadka786,public
Joker HDRip Join Our,66,15-04-2026,-1003181705395,@EntertainmentTadka786,public
Joker (2012),65,15-04-2026,-1003181705395,@EntertainmentTadka786,public
Joker (2012),64,15-04-2026,-1003181705395,@EntertainmentTadka786,public
Joker (2012),63,15-04-2026,-1003181705395,@EntertainmentTadka786,public
Joker (2012),62,15-04-2026,-1003181705395,@EntertainmentTadka786,public
Seesaw (2025),61,15-04-2026,-1003181705395,@EntertainmentTadka786,public
See Saw UnCut South,60,15-04-2026,-1003181705395,@EntertainmentTadka786,public
Seesaw (2025),59,15-04-2026,-1003181705395,@EntertainmentTadka786,public
See Saw UnCut South,58,15-04-2026,-1003181705395,@EntertainmentTadka786,public
Seesaw (2025),57,15-04-2026,-1003181705395,@EntertainmentTadka786,public
See Saw Join Our,56,15-04-2026,-1003181705395,@EntertainmentTadka786,public
Seesaw (2025),55,15-04-2026,-1003181705395,@EntertainmentTadka786,public
Seesaw (2025),54,15-04-2026,-1003181705395,@EntertainmentTadka786,public
Rangeen (2025),53,15-04-2026,-1003181705395,@EntertainmentTadka786,public
Rangeen (2025),52,15-04-2026,-1003181705395,@EntertainmentTadka786,public
Rangeen (2025),51,15-04-2026,-1003181705395,@EntertainmentTadka786,public
Bachhala Malli (2024),50,15-04-2026,-1003181705395,@EntertainmentTadka786,public
Bachhala Malli (2024),49,15-04-2026,-1003181705395,@EntertainmentTadka786,public
Bachhala Malli (2024),48,15-04-2026,-1003181705395,@EntertainmentTadka786,public
Bachhala Malli (2024),47,15-04-2026,-1003181705395,@EntertainmentTadka786,public
Bachhala Malli (2024),46,15-04-2026,-1003181705395,@EntertainmentTadka786,public
Bachhala Malli (2024),45,15-04-2026,-1003181705395,@EntertainmentTadka786,public
Bachhala Malli (2024),44,15-04-2026,-1003181705395,@EntertainmentTadka786,public
Bachhala Malli (2024),43,15-04-2026,-1003181705395,@EntertainmentTadka786,public
Bachhala Malli (2024),42,15-04-2026,-1003181705395,@EntertainmentTadka786,public
Bachhala Malli (2024),41,15-04-2026,-1003181705395,@EntertainmentTadka786,public
Idli Kadai DS Full Movie,40,15-04-2026,-1003181705395,@EntertainmentTadka786,public
Idli Kadai DS Full Movie,39,15-04-2026,-1003181705395,@EntertainmentTadka786,public
Idli Kadai DS Full Movie,38,15-04-2026,-1003181705395,@EntertainmentTadka786,public
Idli Kadai DS Full Movie,37,15-04-2026,-1003181705395,@EntertainmentTadka786,public
Idli Kadai DS Full Movie,36,15-04-2026,-1003181705395,@EntertainmentTadka786,public
Idli Kadai DS Full Movie,35,15-04-2026,-1003181705395,@EntertainmentTadka786,public
Lokah Chapter 1 Chandra (2025),34,15-04-2026,-1003181705395,@EntertainmentTadka786,public
Lokah Chapter 1 Chandra (2025),33,15-04-2026,-1003181705395,@EntertainmentTadka786,public
Lokah Chapter 1 Chandra (2025),32,15-04-2026,-1003181705395,@EntertainmentTadka786,public
Lokah Chapter 1 Chandra (2025),31,15-04-2026,-1003181705395,@EntertainmentTadka786,public
Lokah Chapter 1 Chandra (2025),30,15-04-2026,-1003181705395,@EntertainmentTadka786,public
Andhadhun (2018),29,15-04-2026,-1003181705395,@EntertainmentTadka786,public
Andhadhun (2018),28,15-04-2026,-1003181705395,@EntertainmentTadka786,public
Andhadhun (2018),27,15-04-2026,-1003181705395,@EntertainmentTadka786,public
Andhadhun (2018),26,15-04-2026,-1003181705395,@EntertainmentTadka786,public
Andhadhun (2018),25,15-04-2026,-1003181705395,@EntertainmentTadka786,public
Andhadhun (2018),24,15-04-2026,-1003181705395,@EntertainmentTadka786,public
Andhadhun (2018),23,15-04-2026,-1003181705395,@EntertainmentTadka786,public
Show Time UNCUT Web Rip,22,15-04-2026,-1003181705395,@EntertainmentTadka786,public
Show Time UNCUT Web Rip,21,15-04-2026,-1003181705395,@EntertainmentTadka786,public
Show Time (2025),20,15-04-2026,-1003181705395,@EntertainmentTadka786,public
Show Time (2025),19,15-04-2026,-1003181705395,@EntertainmentTadka786,public
Show Time (2025),18,15-04-2026,-1003181705395,@EntertainmentTadka786,public
Show Time (2025),17,15-04-2026,-1003181705395,@EntertainmentTadka786,public
Show Time (2025),16,15-04-2026,-1003181705395,@EntertainmentTadka786,public
Show Time (2025),15,15-04-2026,-1003181705395,@EntertainmentTadka786,public
Zebra (2024),14,15-04-2026,-1003181705395,@EntertainmentTadka786,public
Zebra UnCut s Join,13,15-04-2026,-1003181705395,@EntertainmentTadka786,public
Zebra UNCUT DS or Telugu,12,15-04-2026,-1003181705395,@EntertainmentTadka786,public
Zebra UnCut s Join,11,15-04-2026,-1003181705395,@EntertainmentTadka786,public
Zebra UNCUT DS s,10,15-04-2026,-1003181705395,@EntertainmentTadka786,public
Zebra (2024),9,15-04-2026,-1003181705395,@EntertainmentTadka786,public
Mandala Murders (2025),8,15-04-2026,-1003181705395,@EntertainmentTadka786,public
Mandala Murders (2025),7,15-04-2026,-1003181705395,@EntertainmentTadka786,public
Mandala Murders (2025),6,15-04-2026,-1003181705395,@EntertainmentTadka786,public
Kuladalli Keelyavudo (2025),146,15-04-2026,-1003251791991,,private
Kuladalli Keelyavudo (2025),145,15-04-2026,-1003251791991,,private
Kuladalli Keelyavudo (2025),144,15-04-2026,-1003251791991,,private
Kuladalli Keelyavudo (2025),143,15-04-2026,-1003251791991,,private
Kuladalli Keelyavudo (2025),142,15-04-2026,-1003251791991,,private
Kuladalli Keelyavudo (2025),141,15-04-2026,-1003251791991,,private
Kuladalli Keelyavudo (2025),140,15-04-2026,-1003251791991,,private
Kuladalli Keelyavudo (2025),139,15-04-2026,-1003251791991,,private
Kuladalli Keelyavudo (2025),138,15-04-2026,-1003251791991,,private
Kuladalli Keelyavudo (2025),137,15-04-2026,-1003251791991,,private
Yadha Yadha Hi (2024),136,15-04-2026,-1003251791991,,private
Yadha Yadha Hi (2024),135,15-04-2026,-1003251791991,,private
Yadha Yadha Hi (2024),134,15-04-2026,-1003251791991,,private
Yadha Yadha Hi (2024),133,15-04-2026,-1003251791991,,private
Yadha Yadha Hi (2024),132,15-04-2026,-1003251791991,,private
Yadha Yadha Hi (2024),131,15-04-2026,-1003251791991,,private
Yadha Yadha Hi (2024),130,15-04-2026,-1003251791991,,private
Yadha Yadha Hi (2024),129,15-04-2026,-1003251791991,,private
Yadha Yadha Hi (2024),128,15-04-2026,-1003251791991,,private
Fear (2024),127,15-04-2026,-1003251791991,,private
Fear (2024),126,15-04-2026,-1003251791991,,private
Fear (2024),125,15-04-2026,-1003251791991,,private
Fear (2024),124,15-04-2026,-1003251791991,,private
Fear (2024),123,15-04-2026,-1003251791991,,private
Fear (2024),122,15-04-2026,-1003251791991,,private
Fear (2024),121,15-04-2026,-1003251791991,,private
Fear (2024),120,15-04-2026,-1003251791991,,private
Fear (2024),119,15-04-2026,-1003251791991,,private
Fear (2024),118,15-04-2026,-1003251791991,,private
Fear (2024),117,15-04-2026,-1003251791991,,private
Fear (2024),116,15-04-2026,-1003251791991,,private
Gurthunda Seethakalam (2022),115,15-04-2026,-1003251791991,,private
Gurthunda Seethakalam (2022),114,15-04-2026,-1003251791991,,private
Gurthunda Seethakalam (2022),113,15-04-2026,-1003251791991,,private
Gurthunda Seethakalam (2022),112,15-04-2026,-1003251791991,,private
Gurthunda Seethakalam (2022),111,15-04-2026,-1003251791991,,private
Gurthunda Seethakalam (2022),110,15-04-2026,-1003251791991,,private
Gurthunda Seethakalam (2022),109,15-04-2026,-1003251791991,,private
Gurthunda Seethakalam (2022),108,15-04-2026,-1003251791991,,private
Gurthunda Seethakalam (2022),107,15-04-2026,-1003251791991,,private
Gurthunda Seethakalam (2022),106,15-04-2026,-1003251791991,,private
Gurthunda Seethakalam (2022),105,15-04-2026,-1003251791991,,private
Gurthunda Seethakalam (2022),104,15-04-2026,-1003251791991,,private
Pechi (2024),103,15-04-2026,-1003251791991,,private
Pechi (2024),102,15-04-2026,-1003251791991,,private
Pechi (2024),101,15-04-2026,-1003251791991,,private
Pechi (2024),100,15-04-2026,-1003251791991,,private
Pechi (2024),99,15-04-2026,-1003251791991,,private
Pechi (2024),98,15-04-2026,-1003251791991,,private
Pechi (2024),97,15-04-2026,-1003251791991,,private
Pechi (2024),96,15-04-2026,-1003251791991,,private
Pechi (2024),95,15-04-2026,-1003251791991,,private
Pechi (2024),94,15-04-2026,-1003251791991,,private
Pechi (2024),93,15-04-2026,-1003251791991,,private
Pechi (2024),92,15-04-2026,-1003251791991,,private
Narivetta (2025),78,15-04-2026,-1003251791991,,private
Narivetta (2025),77,15-04-2026,-1003251791991,,private
Narivetta (2025),76,15-04-2026,-1003251791991,,private
Narivetta (2025),75,15-04-2026,-1003251791991,,private
Narivetta (2025),74,15-04-2026,-1003251791991,,private
Narivetta (2025),73,15-04-2026,-1003251791991,,private
Narivetta (2025),72,15-04-2026,-1003251791991,,private
Narivetta (2025),71,15-04-2026,-1003251791991,,private
Narivetta (2025),70,15-04-2026,-1003251791991,,private
Narivetta (2025),69,15-04-2026,-1003251791991,,private
Narivetta (2025),68,15-04-2026,-1003251791991,,private
Narivetta (2025),67,15-04-2026,-1003251791991,,private
Narivetta (2025),66,15-04-2026,-1003251791991,,private
Seesaw (2025),65,15-04-2026,-1003251791991,,private
SeeSaw (2025),64,15-04-2026,-1003251791991,,private
Seesaw (2025),63,15-04-2026,-1003251791991,,private
See Saw (2025),62,15-04-2026,-1003251791991,,private
Seesaw (2025),60,15-04-2026,-1003251791991,,private
Seesaw (2025),58,15-04-2026,-1003251791991,,private
Bachhala Malli (2024),56,15-04-2026,-1003251791991,,private
Bachhala Malli (2024),55,15-04-2026,-1003251791991,,private
Bachhala Malli (2024),54,15-04-2026,-1003251791991,,private
Anyaa S01 COMBiNED Channels,50,15-04-2026,-1003251791991,,private
Anyaa (2025),49,15-04-2026,-1003251791991,,private
Anyaa (2025),48,15-04-2026,-1003251791991,,private
Andhadhun (2018),47,15-04-2026,-1003251791991,,private
Andhadhun (2018),46,15-04-2026,-1003251791991,,private
Andhadhun AAC s Channels,45,15-04-2026,-1003251791991,,private
Andhadhun (2018),44,15-04-2026,-1003251791991,,private
Andhadhun (2018),43,15-04-2026,-1003251791991,,private
Andhadhun (2018),42,15-04-2026,-1003251791991,,private
Andhadhun Movie HDRip Channels,41,15-04-2026,-1003251791991,,private
Andhadhun (2018),40,15-04-2026,-1003251791991,,private
Andhadhun (2018),39,15-04-2026,-1003251791991,,private
Andhadhun (2018),38,15-04-2026,-1003251791991,,private
Andhadhun HDRip s Channels,37,15-04-2026,-1003251791991,,private
Andhadhun (2018),36,15-04-2026,-1003251791991,,private
Andhadhun Movie HDRip 1,35,15-04-2026,-1003251791991,,private
Andhadhun AAC 5 1,34,15-04-2026,-1003251791991,,private
Taskaree The Smugglers Web (2026),33,15-04-2026,-1003251791991,,private
Taskaree The Smugglers Web HDRip,32,15-04-2026,-1003251791991,,private
Taskaree The Smugglers Web HDRip,31,15-04-2026,-1003251791991,,private
Show Time UNCUT Web Rip,30,15-04-2026,-1003251791991,,private
Show Time (2025),29,15-04-2026,-1003251791991,,private
Show Time (2025),28,15-04-2026,-1003251791991,,private
Show Time UNCUT Web Rip,27,15-04-2026,-1003251791991,,private
Show Time (2025),26,15-04-2026,-1003251791991,,private
Zebra (2024),25,15-04-2026,-1003251791991,,private
Zebra (2024),23,15-04-2026,-1003251791991,,private
Zebra (2024),22,15-04-2026,-1003251791991,,private
Zebra (2024),21,15-04-2026,-1003251791991,,private
Show Time UNCUT Web Rip,20,15-04-2026,-1003251791991,,private
Show Time UNCUT Web Rip,19,15-04-2026,-1003251791991,,private
Show Time (2025),14,15-04-2026,-1003251791991,,private
Show Time (2025),13,15-04-2026,-1003251791991,,private
Zebra (2024),12,15-04-2026,-1003251791991,,private
Zebra UNCUT DS or Telugu,10,15-04-2026,-1003251791991,,private
Zebra UnCut s Join,9,15-04-2026,-1003251791991,,private
Zebra UNCUT DS s,8,15-04-2026,-1003251791991,,private
Zebra (2024),7,15-04-2026,-1003251791991,,private
Mandala Murders (2025),5,15-04-2026,-1003251791991,,private
Mandala Murders (2025),4,15-04-2026,-1003251791991,,private
Hi,2,15-04-2026,-1003251791991,,private
Dhurandhar The Revenge (2026),73,15-04-2026,-1002831605258,@threater_print_movies,public
Dhurandhar The Revenge (2026),72,15-04-2026,-1002831605258,@threater_print_movies,public
Dhurandhar The Revenge (2026),71,15-04-2026,-1002831605258,@threater_print_movies,public
Dhurandhar The Revenge (2026),70,15-04-2026,-1002831605258,@threater_print_movies,public
Dhurandhar The Revenge (2026),69,15-04-2026,-1002831605258,@threater_print_movies,public
Dhurandhar The Revenge (2026),68,15-04-2026,-1002831605258,@threater_print_movies,public
Assi (2026),66,15-04-2026,-1002831605258,@threater_print_movies,public
Assi (2026),65,15-04-2026,-1002831605258,@threater_print_movies,public
Assi (2026),64,15-04-2026,-1002831605258,@threater_print_movies,public
Assi (2026),63,15-04-2026,-1002831605258,@threater_print_movies,public
Assi (2026),62,15-04-2026,-1002831605258,@threater_print_movies,public
O Romeo (2026),61,15-04-2026,-1002831605258,@threater_print_movies,public
O Romeo (2026),60,15-04-2026,-1002831605258,@threater_print_movies,public
O Romeo (2026),59,15-04-2026,-1002831605258,@threater_print_movies,public
O Romeo (2026),58,15-04-2026,-1002831605258,@threater_print_movies,public
O Romeo (2026),57,15-04-2026,-1002831605258,@threater_print_movies,public
O Romeo (2026),56,15-04-2026,-1002831605258,@threater_print_movies,public
O Romeo (2026),55,15-04-2026,-1002831605258,@threater_print_movies,public
O Romeo (2026),54,15-04-2026,-1002831605258,@threater_print_movies,public
O Romeo (2026),53,15-04-2026,-1002831605258,@threater_print_movies,public
Bhabiji Ghar Par Hain (2026),52,15-04-2026,-1002831605258,@threater_print_movies,public
Bhabiji Ghar Par Hain (2026),51,15-04-2026,-1002831605258,@threater_print_movies,public
Bhabiji Ghar Par Hain (2026),50,15-04-2026,-1002831605258,@threater_print_movies,public
Bhabiji Ghar Par Hain (2026),49,15-04-2026,-1002831605258,@threater_print_movies,public
Bhabiji Ghar Par Hain (2026),48,15-04-2026,-1002831605258,@threater_print_movies,public
Vadh 2 HDTS AAC HC,47,15-04-2026,-1002831605258,@threater_print_movies,public
Vadh 2 HDTS AAC HC,46,15-04-2026,-1002831605258,@threater_print_movies,public
Vadh 2 HDTS AAC HC,45,15-04-2026,-1002831605258,@threater_print_movies,public
Border 2 (2026),44,15-04-2026,-1002831605258,@threater_print_movies,public
Border 2 (2026),43,15-04-2026,-1002831605258,@threater_print_movies,public
Border 2 (2026),42,15-04-2026,-1002831605258,@threater_print_movies,public
Border 2 (2026),41,15-04-2026,-1002831605258,@threater_print_movies,public
The Raja Saab (2026),39,15-04-2026,-1002831605258,@threater_print_movies,public
The Raja Saab (2026),38,15-04-2026,-1002831605258,@threater_print_movies,public
The Raja Saab (2026),37,15-04-2026,-1002831605258,@threater_print_movies,public
The Raja Saab (2026),36,15-04-2026,-1002831605258,@threater_print_movies,public
Avatar Fire and Ash (2025),35,15-04-2026,-1002831605258,@threater_print_movies,public
Avatar Fire and Ash (2025),34,15-04-2026,-1002831605258,@threater_print_movies,public
Avatar Fire and Ash HDTS,33,15-04-2026,-1002831605258,@threater_print_movies,public
Avatar Fire and Ash HDTS,32,15-04-2026,-1002831605258,@threater_print_movies,public
Akhanda 2 Full Movie In,31,15-04-2026,-1002831605258,@threater_print_movies,public
Akhanda 2 Thaandavam (2025),30,15-04-2026,-1002831605258,@threater_print_movies,public
Akhanda 2 Full Movie In,29,15-04-2026,-1002831605258,@threater_print_movies,public
Akhanda 2 Full Movie In,28,15-04-2026,-1002831605258,@threater_print_movies,public
Akhanda 2 Full Movie In,27,15-04-2026,-1002831605258,@threater_print_movies,public
Akhanda 2 Thaandavam (2025),26,15-04-2026,-1002831605258,@threater_print_movies,public
Akhanda 2 Thaandavam (2025),25,15-04-2026,-1002831605258,@threater_print_movies,public
Kis Kisko Pyaar Karoon (2025),24,15-04-2026,-1002831605258,@threater_print_movies,public
Kis Kisko Pyaar Karoon (2025),23,15-04-2026,-1002831605258,@threater_print_movies,public
Kis Kisko Pyaar Karoon (2025),22,15-04-2026,-1002831605258,@threater_print_movies,public
Kis Kisko Pyaar Karoon (2025),21,15-04-2026,-1002831605258,@threater_print_movies,public
Kis Kisko Pyaar Karoon (2025),20,15-04-2026,-1002831605258,@threater_print_movies,public
Dhurandhar (2025),19,15-04-2026,-1002831605258,@threater_print_movies,public
Dhurandhar (2025),18,15-04-2026,-1002831605258,@threater_print_movies,public
Dhurandhar (2025),17,15-04-2026,-1002831605258,@threater_print_movies,public
Dhurandhar (2025),16,15-04-2026,-1002831605258,@threater_print_movies,public
Dhurandhar (2025),15,15-04-2026,-1002831605258,@threater_print_movies,public
Dhurandhar (2025),14,15-04-2026,-1002831605258,@threater_print_movies,public
Dhurandhar (2025),13,15-04-2026,-1002831605258,@threater_print_movies,public
The Taj Story (2025),12,15-04-2026,-1002831605258,@threater_print_movies,public
The Taj Story (2025),11,15-04-2026,-1002831605258,@threater_print_movies,public
The Taj Story (2025),10,15-04-2026,-1002831605258,@threater_print_movies,public
The Taj Story (2025),9,15-04-2026,-1002831605258,@threater_print_movies,public
The Taj Story (2025),8,15-04-2026,-1002831605258,@threater_print_movies,public
Baahubali The Epic (2025),7,15-04-2026,-1002831605258,@threater_print_movies,public
Baahubali The Epic (2025),6,15-04-2026,-1002831605258,@threater_print_movies,public
Baahubali The Epic (2025),5,15-04-2026,-1002831605258,@threater_print_movies,public
Baahubali The Epic (2025),4,15-04-2026,-1002831605258,@threater_print_movies,public
Guys join for Threater Print,3,15-04-2026,-1002831605258,@threater_print_movies,public
Engaged S02E01 The Ultimate Reveal,110,15-04-2026,-1003614546520,@Entertainment_Tadka_Serial_786,public
Engaged S02E01 The Ultimate Reveal,109,15-04-2026,-1003614546520,@Entertainment_Tadka_Serial_786,public
Engaged S02E01 The Ultimate Reveal,108,15-04-2026,-1003614546520,@Entertainment_Tadka_Serial_786,public
Engaged Roka Ya Dhoka S01,107,15-04-2026,-1003614546520,@Entertainment_Tadka_Serial_786,public
Engaged Roka Ya Dhoka S01,106,15-04-2026,-1003614546520,@Entertainment_Tadka_Serial_786,public
Engaged Roka Ya Dhoka S01,105,15-04-2026,-1003614546520,@Entertainment_Tadka_Serial_786,public
Engaged Roka Ya Dhoka S01,104,15-04-2026,-1003614546520,@Entertainment_Tadka_Serial_786,public
Engaged Roka Ya Dhoka S01,103,15-04-2026,-1003614546520,@Entertainment_Tadka_Serial_786,public
Engaged Roka Ya Dhoka S01,102,15-04-2026,-1003614546520,@Entertainment_Tadka_Serial_786,public
Engaged Roka Ya Dhoka S01,101,15-04-2026,-1003614546520,@Entertainment_Tadka_Serial_786,public
Engaged Roka Ya Dhoka S01,100,15-04-2026,-1003614546520,@Entertainment_Tadka_Serial_786,public
Engaged Roka Ya Dhoka S01,99,15-04-2026,-1003614546520,@Entertainment_Tadka_Serial_786,public
Engaged Roka Ya Dhoka S01,98,15-04-2026,-1003614546520,@Entertainment_Tadka_Serial_786,public
Engaged Roka Ya Dhoka S01,97,15-04-2026,-1003614546520,@Entertainment_Tadka_Serial_786,public
Engaged Roka Ya Dhoka S01,96,15-04-2026,-1003614546520,@Entertainment_Tadka_Serial_786,public
Engaged Roka Ya Dhoka S01,95,15-04-2026,-1003614546520,@Entertainment_Tadka_Serial_786,public
Engaged Roka Ya Dhoka S01,94,15-04-2026,-1003614546520,@Entertainment_Tadka_Serial_786,public
Engaged Roka Ya Dhoka S01,93,15-04-2026,-1003614546520,@Entertainment_Tadka_Serial_786,public
Engaged Roka Ya Dhoka S01,92,15-04-2026,-1003614546520,@Entertainment_Tadka_Serial_786,public
Engaged Roka Ya Dhoka S01,91,15-04-2026,-1003614546520,@Entertainment_Tadka_Serial_786,public
Engaged Roka Ya Dhoka S01,90,15-04-2026,-1003614546520,@Entertainment_Tadka_Serial_786,public
Engaged Roka Ya Dhoka S01,89,15-04-2026,-1003614546520,@Entertainment_Tadka_Serial_786,public
Engaged Roka Ya Dhoka S01,88,15-04-2026,-1003614546520,@Entertainment_Tadka_Serial_786,public
Engaged Roka Ya Dhoka S01,87,15-04-2026,-1003614546520,@Entertainment_Tadka_Serial_786,public
Engaged Roka Ya Dhoka S01,86,15-04-2026,-1003614546520,@Entertainment_Tadka_Serial_786,public
Engaged Roka Ya Dhoka S01,85,15-04-2026,-1003614546520,@Entertainment_Tadka_Serial_786,public
Engaged Roka Ya Dhoka S01,84,15-04-2026,-1003614546520,@Entertainment_Tadka_Serial_786,public
Engaged Roka Ya Dhoka S01,83,15-04-2026,-1003614546520,@Entertainment_Tadka_Serial_786,public
Engaged Roka Ya Dhoka S01,82,15-04-2026,-1003614546520,@Entertainment_Tadka_Serial_786,public
Engaged Roka Ya Dhoka S01,81,15-04-2026,-1003614546520,@Entertainment_Tadka_Serial_786,public
Engaged Roka Ya Dhoka S01,80,15-04-2026,-1003614546520,@Entertainment_Tadka_Serial_786,public
Engaged Roka Ya Dhoka S01,79,15-04-2026,-1003614546520,@Entertainment_Tadka_Serial_786,public
Engaged Roka Ya Dhoka S01,78,15-04-2026,-1003614546520,@Entertainment_Tadka_Serial_786,public
Engaged Roka Ya Dhoka S01,77,15-04-2026,-1003614546520,@Entertainment_Tadka_Serial_786,public
Engaged Roka Ya Dhoka S01,76,15-04-2026,-1003614546520,@Entertainment_Tadka_Serial_786,public
Engaged Roka Ya Dhoka S01,75,15-04-2026,-1003614546520,@Entertainment_Tadka_Serial_786,public
Engaged Roka Ya Dhoka S01,74,15-04-2026,-1003614546520,@Entertainment_Tadka_Serial_786,public
Engaged Roka Ya Dhoka S01,73,15-04-2026,-1003614546520,@Entertainment_Tadka_Serial_786,public
Engaged Roka Ya Dhoka S01,72,15-04-2026,-1003614546520,@Entertainment_Tadka_Serial_786,public
Engaged Roka Ya Dhoka S01,71,15-04-2026,-1003614546520,@Entertainment_Tadka_Serial_786,public
Engaged Roka Ya Dhoka S01,70,15-04-2026,-1003614546520,@Entertainment_Tadka_Serial_786,public
Engaged Roka Ya Dhoka S01,69,15-04-2026,-1003614546520,@Entertainment_Tadka_Serial_786,public
Engaged Roka Ya Dhoka S01,68,15-04-2026,-1003614546520,@Entertainment_Tadka_Serial_786,public
Engaged Roka Ya Dhoka S01,67,15-04-2026,-1003614546520,@Entertainment_Tadka_Serial_786,public
Engaged Roka Ya Dhoka S01,66,15-04-2026,-1003614546520,@Entertainment_Tadka_Serial_786,public
Engaged Roka Ya Dhoka S01,65,15-04-2026,-1003614546520,@Entertainment_Tadka_Serial_786,public
Engaged Roka Ya Dhoka S01,64,15-04-2026,-1003614546520,@Entertainment_Tadka_Serial_786,public
Engaged Roka Ya Dhoka S01,63,15-04-2026,-1003614546520,@Entertainment_Tadka_Serial_786,public
Engaged Roka Ya Dhoka S01,62,15-04-2026,-1003614546520,@Entertainment_Tadka_Serial_786,public
Engaged Roka Ya Dhoka S01,61,15-04-2026,-1003614546520,@Entertainment_Tadka_Serial_786,public
Engaged Roka Ya Dhoka S01,60,15-04-2026,-1003614546520,@Entertainment_Tadka_Serial_786,public
Engaged Roka Ya Dhoka S01,59,15-04-2026,-1003614546520,@Entertainment_Tadka_Serial_786,public
Engaged Roka Ya Dhoka S01,58,15-04-2026,-1003614546520,@Entertainment_Tadka_Serial_786,public
Engaged Roka Ya Dhoka S01,57,15-04-2026,-1003614546520,@Entertainment_Tadka_Serial_786,public
Engaged Roka Ya Dhoka S01,56,15-04-2026,-1003614546520,@Entertainment_Tadka_Serial_786,public
Engaged Roka Ya Dhoka S01,55,15-04-2026,-1003614546520,@Entertainment_Tadka_Serial_786,public
Engaged Roka Ya Dhoka S01,54,15-04-2026,-1003614546520,@Entertainment_Tadka_Serial_786,public
Engaged Roka Ya Dhoka S01,53,15-04-2026,-1003614546520,@Entertainment_Tadka_Serial_786,public
Engaged Roka Ya Dhoka S01,52,15-04-2026,-1003614546520,@Entertainment_Tadka_Serial_786,public
Engaged Roka Ya Dhoka S01,51,15-04-2026,-1003614546520,@Entertainment_Tadka_Serial_786,public
Engaged Roka Ya Dhoka S01,50,15-04-2026,-1003614546520,@Entertainment_Tadka_Serial_786,public
Engaged Roka Ya Dhoka S01,49,15-04-2026,-1003614546520,@Entertainment_Tadka_Serial_786,public
Engaged Roka Ya Dhoka S01,48,15-04-2026,-1003614546520,@Entertainment_Tadka_Serial_786,public
Engaged Roka Ya Dhoka S01,47,15-04-2026,-1003614546520,@Entertainment_Tadka_Serial_786,public
Engaged Roka Ya Dhoka S01,46,15-04-2026,-1003614546520,@Entertainment_Tadka_Serial_786,public
Engaged Roka Ya Dhoka S01,45,15-04-2026,-1003614546520,@Entertainment_Tadka_Serial_786,public
Engaged Roka Ya Dhoka S01,44,15-04-2026,-1003614546520,@Entertainment_Tadka_Serial_786,public
Engaged Roka Ya Dhoka S01,43,15-04-2026,-1003614546520,@Entertainment_Tadka_Serial_786,public
Engaged Roka Ya Dhoka S01,42,15-04-2026,-1003614546520,@Entertainment_Tadka_Serial_786,public
Engaged Roka Ya Dhoka S01,41,15-04-2026,-1003614546520,@Entertainment_Tadka_Serial_786,public
Engaged Roka Ya Dhoka S01,40,15-04-2026,-1003614546520,@Entertainment_Tadka_Serial_786,public
Engaged Roka Ya Dhoka S01,39,15-04-2026,-1003614546520,@Entertainment_Tadka_Serial_786,public
Engaged Roka Ya Dhoka S01,38,15-04-2026,-1003614546520,@Entertainment_Tadka_Serial_786,public
Engaged Roka Ya Dhoka S01,37,15-04-2026,-1003614546520,@Entertainment_Tadka_Serial_786,public
Engaged Roka Ya Dhoka S01,36,15-04-2026,-1003614546520,@Entertainment_Tadka_Serial_786,public
Engaged Roka Ya Dhoka S01,35,15-04-2026,-1003614546520,@Entertainment_Tadka_Serial_786,public
Engaged Roka Ya Dhoka S01,34,15-04-2026,-1003614546520,@Entertainment_Tadka_Serial_786,public
Engaged Roka Ya Dhoka S01,33,15-04-2026,-1003614546520,@Entertainment_Tadka_Serial_786,public
Engaged Roka Ya Dhoka S01,32,15-04-2026,-1003614546520,@Entertainment_Tadka_Serial_786,public
